Aaron J Howell <ahowell3 [at] nd.edu>
Ezra Kissel <ezkissel [at] indiana.edu>
Ivan Viti <iviti [at] nd.edu>
Kamal Saha <ksaha [at] nd.edu>
kdewees1 <kdewees1 [at] nd.edu>
Luke Dalessandro <ldalessa [at] iu.edu>
Marcin Zalewski <zalewski [at] indiana.edu>
Matthew Mosby <mmosby1 [at] nd.edu>
Phillip Eugene Hughes II <phughes2 [at] nd.edu>
Samuel Wanjie Njoroge <snjoroge [at] nd.edu>
Sangmin Lee <slee43 [at] nd.edu>
Sion Kim <skim43 [at] nd.edu>
Waad Subber <wsubber [at] nd.edu>
wangyinz <wangyinz [at] indiana.edu>
